acc,acc_time
1.949547727365608,2.517959166551009
2.0866623570923304,2.5280321666505188
1.067331881776786,2.538104166509584
0.6145676606665004,2.548177166609093
1.667925843652936,2.558250166475773
2.1186010916873315,2.568323166575283
2.217205430662157,2.5783951666671783
1.8256321489476808,2.5884681665338576
1.2682249329383728,2.5985411666333675
1.7309814432036563,2.608614166500047
2.624367666384465,2.6186861665919423
3.055099197153536,2.6287591664586216
3.036296537253265,2.638832166558132
2.586717673828335,2.648905166657641
1.981229317060824,2.6589771665167063
1.4526383752731826,2.6690501666162163
1.034468899918963,2.679123166482896
0.7808360843140555,2.689195166574791
0.7854146699565294,2.699268166674301
0.7154727563960449,2.7093411665409803
0.5454843335360255,2.7194141666404903
0.2865468569260163,2.729486166499555
0.1377837703007273,2.739559166599065
0.3526929651176406,2.7496321664657444
0.6456076902032559,2.7597051665652543
0.618449025953514,2.76977716665715
0.4065268590705421,2.779850166523829
1.1288076857330531,2.789923166623339
2.1429110209651028,2.7999961664900184
3.52792396979609,2.810068166581914
4.941127059284501,2.820141166681424
5.654454372777354,2.830214166548103
5.877273893809898,2.8402861666399986
6.637091592847541,2.850359166506678
6.584634700818725,2.860432166606188
4.954923096268737,2.870505166472867
2.4879077001813994,2.8805771665647626
2.065964653799056,2.8906501666642725
1.5924994020475456,2.900723166530952
3.175110460921429,2.910796166630462
5.380125300641509,2.920868166489526
10.16423129803148,2.9309411665890366
14.445460413174011,2.941014166455716
15.602745271690646,2.951087166555226
10.820538236458948,2.9611591666471213
4.543178891395268,2.9712321665138006
4.016875988037521,2.9813051666133106
5.618809604228432,2.99137816647999
5.058678307409238,3.0014501665718853
4.853309592634039,3.0115231666713957
6.57371254028784,3.0215961665380746
7.681821022788733,3.03166816662997
8.49489585852509,3.0417411664966494
9.217122839964915,3.05181416659616
9.093879386464865,3.061887166462838
7.490964182809183,3.071959166554734
5.65958649995836,3.082032166654244
4.7031102501845305,3.092105166520924
4.469393201015273,3.1021781666204333
4.84027768124167,3.112250166479498
4.975003495067636,3.122323166579008
5.526637478011695,3.132396166678518
5.952002916111257,3.142468166537583
5.919576621206544,3.152541166637093
5.053588697235015,3.162614166503772
3.9744518502190473,3.172687166603282
2.810420506105012,3.182759166462347
1.7170974413730993,3.192832166561857
0.5483450864202148,3.202905166661367
1.4129656405423114,3.212978166528046
2.3981813044497797,3.2230501666199416
2.7521434296946947,3.233123166486621
3.4802592725699277,3.243196166586131
4.805073140796703,3.2532681666780263
6.276695251371884,3.2633411665447056
7.1015882690310095,3.273414166644216
6.578980311344187,3.283487166510895
5.897864773397725,3.2935591666027904
5.536370092489434,3.3036321664694697
4.55806099066292,3.31370516656898
3.893710534345391,3.3237781666684896
3.9217877811450608,3.3338501665275544
3.6273961748398618,3.3439231666270643
3.80092036754572,3.353996166493744
4.315548732626636,3.364068166585639
4.55157988502907,3.3741411664523184
4.511457503051761,3.3842141665518284
3.53167908787733,3.3942871666513383
2.888036725669238,3.404359166510403
2.7681169966256225,3.414432166609913
2.8470905777338933,3.4245051664765924
2.670710809182451,3.4345781665761024
2.615098058940005,3.444650166667998
2.6880394973781394,3.454723166534677
2.8339517299668358,3.464796166634187
2.694556510353732,3.474868166493252
2.4758449486185112,3.484941166592762
2.1862241389262955,3.495014166459441
1.9215623860380155,3.505087166558951
1.691031809960085,3.5151589999441057
1.6159523912434737,3.525231999810785
1.7823348803430177,3.535304999910295
2.00473200745229,3.545378000009805
1.8518381371484147,3.55544999986887
2.544416790665678,3.56552299996838
3.136922271243725,3.575595999835059
2.5203051022828222,3.5856679999269545
1.7005989818683291,3.595740999793634
0.6933054900110801,3.605813999893144
0.7675149194015618,3.6158869999926537
0.9895718770748372,3.625958999851719
0.4966091158699572,3.636031999951229
1.0379429898435968,3.646104999817908
0.9562796382147344,3.6561779999174178
0.8955406825736605,3.666250000009313
0.6455783308211402,3.676322999875993
0.9555149899774728,3.6863959999755034
1.612673188749574,3.696468999842182
1.7052204335050551,3.706540999934077
1.5800447212403803,3.716613999800757
1.738490375791366,3.7266869999002665
1.297422123664164,3.736758999992162
1.2454092088026414,3.746831999858841
1.6897718426011856,3.7569049999583513
2.223657658786068,3.766977999825031
2.704295068622729,3.777049999916926
2.891933346362657,3.787122999783605
2.671036777290147,3.7971959998831153
2.122735569821129,3.807268999982625
1.2215649173588934,3.81734099984169
0.5794724355506946,3.8274139999412
1.262659107555205,3.8374869998078793
1.9347401294260167,3.847559999907389
2.3031614292566625,3.8576319999992847
2.3259530891407887,3.867704999865964
2.239622319888833,3.877777999965474
2.112282943457497,3.887849999824539
2.259880612155255,3.897922999924049
2.197541443522232,3.907995999790728
1.3514613512632354,3.918068999890238
2.162836145268853,3.9281409999821335
6.0797263164454165,3.938213999848813
10.127866162397009,3.9482869999483223
13.287719330344755,3.958359999815002
13.884698760545437,3.9684319999068975
9.79441098902955,3.978505000006408
5.876531917161934,3.988577999873087
10.028160298663872,3.9986499999649823
10.47518182622092,4.008722999831662
6.737803702455611,4.018795999931172
10.256325106302816,4.028868999797851
7.04214907783277,4.038940999889746
3.86659948781944,4.049013999989256
4.887242402604681,4.059086999855936
5.796510675880126,4.0691599999554455
5.373315124481036,4.07923199981451
4.773563888745957,4.08930499991402
4.543676017387273,4.09937800001353
5.847622856784466,4.109449999872595
7.059914665798222,4.119522999972105
6.7600006097866645,4.129595999838784
6.845496070823389,4.139668999938294
7.643394627520848,4.149740999797359
8.999942602147838,4.159813999896869
10.910540805583103,4.169886999996379
12.793842987119156,4.179959999863058
12.120775550210078,4.190031999954954
9.161808146823912,4.200104999821633
6.378173161647329,4.210177999921143
2.8310155463740085,4.220250999787822
3.9849209601237696,4.230322999879718
5.994263610393838,4.240395999979228
6.5354029098872415,4.250468999845907
8.00693125181017,4.2605409999378026
9.089288599362693,4.270613999804482
9.817223675052547,4.280686999903992
10.110301828811709,4.290760000003502
9.532821856339226,4.300831999862567
8.579724625183607,4.3109049999620765
8.518195732270177,4.320977999828756
8.948446926784985,4.331050999928266
9.964593207262116,4.341122999787331
10.675682894248974,4.351195999886841
10.414814142799129,4.361268999986351
9.293801191215762,4.37134199985303
8.282902895138808,4.381413999944925
7.571366861171866,4.391486999811605
6.654620495597198,4.401559999911115
5.494850189446048,4.41163200000301
3.615255167617138,4.421704999869689
1.6992593742954984,4.431777999969199
2.287180489125636,4.441850999835879
4.133609348539225,4.451922999927774
5.906230211009459,4.461995999794453
7.368654064607871,4.472068999893963
8.590590854179112,4.482141999993473
9.077874911553716,4.492213999852538
8.502201551823681,4.502286999952048
7.009608777672383,4.512359874788672
5.259837867729164,4.522431874880567
3.690105952650585,4.532504874980077
2.824584222375876,4.5425778748467565
2.808221273563723,4.552650874946266
2.908860898058641,4.562722874805331
2.825221758002453,4.572795874904841
2.357298606071106,4.582868875004351
1.6921880018999684,4.5929418748710304
2.5086135159886283,4.603013874962926
3.926479486795912,4.613086874829605
5.114841836583886,4.623159874929115
5.623425940454035,4.63323187478818
5.606243618529826,4.64330487488769
5.637995473162854,4.6533778749872
6.940425565230053,4.663450874853879
9.06134298847303,4.673522874945775
9.576310140190088,4.683595874812454
8.301009772002287,4.693668874911964
6.259805811333661,4.703741875011474
4.605684394545686,4.713813874870539
3.7493296159242138,4.723886874970049
3.8655510201068313,4.733959874836728
4.9008897545187535,4.744031874928623
5.894326124249102,4.754104874795303
6.3030348554481614,4.764177874894813
5.804403288717788,4.774250874994323
4.72896164065083,4.784322874853388
3.316532768522199,4.794395874952897
2.407516880686451,4.804468874819577
1.9928251872026208,4.814541874919087
1.3749327163131313,4.824613875010982
0.9701694499434228,4.8346868748776615
0.759090466883545,4.844759874977171
0.9305413841904036,4.854831874836236
0.9390763837994008,4.864904874935746
0.5650138472347342,4.8749778748024255
0.969383407644252,4.885050874901936
0.6079302339635426,4.895122874993831
1.2115837515992982,4.90519587486051
1.7659053449109576,4.91526887496002
2.052102030765899,4.9253418748267
2.1667326140498013,4.935413874918595
2.08161604578606,4.945486874785274
1.862751068607733,4.955559874884784
1.763539460433557,4.965632874984294
1.7043323699516466,4.975704874843359
1.466802353425222,4.985777874942869
1.1793715839424366,4.995850874809548
1.3783170630718884,5.005922874901444
1.990330350491902,5.015995875000954
2.623361583206939,5.026068874867633
2.904395207764149,5.036141874967143
2.664693426469576,5.046213874826208
2.031758879584487,5.056286874925718
1.326648714853202,5.066359874792397
0.9903802319622378,5.076432874891907
0.6733051344418355,5.086504874983802
0.9622629876230104,5.096577874850482
1.97116267209814,5.106650874949992
2.72259729456262,5.1167228748090565
2.931530214141625,5.126795874908567
2.786670807901127,5.136868875008076
2.8783631822367526,5.146941874874756
3.2048568428960404,5.157013874966651
2.9959025639513466,5.1670868748333305
2.272585167674668,5.1771598749328405
1.6328970903318616,5.18723287479952
1.5340675166947038,5.197304874891415
1.7888626848857756,5.207377874990925
2.17303069640566,5.2174508748576045
2.410909812111306,5.2275228749495
2.649471301913208,5.237595874816179
2.641827281302026,5.247668874915689
2.5594061869951323,5.257741875015199
2.728820650514252,5.267813874874264
3.184521553013059,5.277886874973774
3.578409038035994,5.287959874840453
3.3218804968664988,5.298032874939963
2.568980007593856,5.308104874799028
2.4807771244914387,5.318177874898538
2.8835332336992856,5.328250874998048
3.4784956981241177,5.338322874857113
2.5372594511498816,5.348395874956623
2.651174472753686,5.358468874823302
5.583411119484446,5.368541874922812
9.072245801405552,5.3786138750147074
11.01100985085435,5.388686874881387
10.107896056913086,5.398759874980897
9.30306964567872,5.408832874847576
9.483537377707574,5.418904874939472
9.60442009806883,5.428977874806151
9.331226549711005,5.439050874905661
8.513873778262889,5.449123875005171
8.21541413762829,5.459195874864236
7.353272329303206,5.4692688749637455
6.254975504851005,5.479341874830425
5.734377775635044,5.48941387492232
5.579336509198398,5.499486874789
5.569378667359008,5.509559999918565
5.945748076175335,5.5196329997852445
6.857535882086382,5.52970499987714
7.822824094030667,5.53977799997665
8.70721418546203,5.549850999843329
8.84185808892479,5.559923999942839
8.120097448984504,5.569995999801904
7.8592568962051965,5.580068999901414
7.151960654759157,5.590142000000924
5.919709642113721,5.600213999859989
4.558948126415115,5.610286999959499
2.617397530660196,5.620359999826178
1.5709687042677591,5.630432999925688
3.2808638492336875,5.640504999784753
5.458629909976774,5.650577999884263
6.175105836811849,5.660650999983773
4.895100003608803,5.6707229998428375
5.982063313567264,5.680795999942347
8.036497190780056,5.690868999809027
9.519749530688246,5.700941999908537
9.817614146929095,5.711014000000432
8.637605105663532,5.721086999867112
8.067580385269107,5.731159999966621
7.45890857837457,5.741231999825686
6.562983759566504,5.751304999925196
5.280904968222239,5.761377999791876
4.623556634646864,5.771450999891385
3.986237854428932,5.781522999983281
3.829148315217736,5.79159599984996
3.515019505818308,5.80166899994947
3.390162690223156,5.8117419998161495
3.3570100455012697,5.821813999908045
3.4431955282223807,5.831887000007555
3.24358732021622,5.841959999874234
3.131413800397853,5.85203199996613
3.246557137471376,5.862104999832809
3.0275086750873514,5.872177999932319
2.504029499034789,5.882250999798998
2.0297858256826906,5.892322999890894
2.310511795421204,5.902395999990404
2.577704786497343,5.912468999857083
2.1175709502667788,5.922541999956593
1.8977995389121167,5.932613999815658
1.9549548319055168,5.942686999915168
1.903605280747187,5.952760000014678
1.985730308795858,5.962831999873743
1.9436522773491105,5.972904999973252
1.61954392215073,5.982977999839932
1.1725213225760889,5.993050999939442
1.8355644960154496,6.0031229997985065
2.219168703607723,6.0131959998980165
2.816748850716282,6.023268999997526
3.102663870653969,6.033340999856591
3.0602671772886567,6.043413999956101
2.283938829035725,6.0534869998227805
1.819119854000384,6.06355999992229
2.428127063674727,6.073632000014186
3.4493298106017067,6.083704999880865
3.6290692231261192,6.093777999980375
2.6232945818961992,6.103850999847055
1.51599465785189,6.11392299993895
1.4954356184040485,6.123995999805629
2.162070139032062,6.134068999905139
2.702671791848233,6.144140999997035
3.19341879785505,6.154213999863714
3.51702549632407,6.164286999963224
2.9342499167188523,6.174359999829903
2.654710886178992,6.184431999921799
2.0265583239710123,6.194504999788478
1.1572223543032203,6.204577999887988
0.9171244690844946,6.214650999987498
1.8553303158102112,6.224722999846563
2.269541467574816,6.234795999946073
2.370710723660492,6.244868999812752
2.505237573178824,6.254940999904648
2.700228207974588,6.265014000004157
2.8521232334993827,6.275086999870837
2.877058275585251,6.285159999970347
2.550470474441813,6.295231999829412
1.81442254229935,6.3053049999289215
0.6927258515878307,6.315377999795601
1.778942499699168,6.325450999895111
3.929261730079733,6.335522999987006
6.152144975041267,6.3455959998536855
8.896927259144485,6.355668999953196
11.931793486249024,6.36574099981226
13.447779109768744,6.37581399991177
11.75468072662275,6.38588700001128
6.133498274821437,6.39595999987796
4.026086691169291,6.406031999969855
11.127534449024116,6.416104999836534
13.927388028695429,6.426177999936044
13.39961352673173,6.436250999802724
11.84649103446938,6.446322999894619
5.452874193402052,6.456395999994129
2.950929388771642,6.466468999860808
4.0235740785083705,6.476540999952704
7.223719644176524,6.486613999819383
8.982979756443065,6.496686999918893
6.613631674722322,6.506759999785572
3.670354951926898,6.516832041554153
1.8273167893650304,6.526905041653663
0.845631611491524,6.536978041520342
1.3820246520844903,6.547051041619852
3.066830598557547,6.557123041478917
5.791486143287787,6.567196041578427
8.918130777465679,6.577269041677937
11.897686761756509,6.587341041537002
13.006388544274555,6.597414041636512
13.195332226120785,6.607487041503191
11.97914062226561,6.617560041602701
9.42581765680021,6.627632041461766
7.175137061778857,6.637705041561276
5.1919974929498665,6.647778041660786
3.532947794573549,6.657851041527465
5.676872568032945,6.66792304161936
8.258223697631411,6.67799604148604
8.74052349925671,6.68806904158555
9.08653876009393,6.698141041677445
9.94208461503135,6.7082140415441245
10.586940055353509,6.718287041643634
11.529223636880396,6.728360041510314
12.75783797093916,6.738432041602209
12.221139989624715,6.7485050414688885
10.742985651933395,6.758578041568399
10.174434895605106,6.768651041667908
9.515850293366118,6.778723041526973
8.382821676065758,6.788796041626483
7.614394275298629,6.7988690414931625
8.01889953415225,6.808941041585058
9.024754126452452,6.819014041451737
8.805296618690262,6.829087041551247
6.768496312567317,6.839160041650757
4.66962740923452,6.849232041509822
4.265335387679904,6.859305041609332
5.189100239056644,6.869378041476011
5.443807173978692,6.879451041575521
4.55151443397999,6.889523041667417
6.049970805657094,6.899596041534096
10.126043372250091,6.909669041633606
13.340885162393976,6.919742041500285
12.739509371381054,6.929814041592181
7.827072926556936,6.93988704145886
3.717744055667303,6.94996004155837
5.69550297335413,6.9600320416502655
7.257569466255222,6.970105041516945
6.815315884913259,6.980178041616455
4.84543790402272,6.990251041483134
4.568361990112591,7.0003230415750295
6.741809338417203,7.0103960416745394
9.6782151660954,7.020469041541219
11.77488679472367,7.030542041640729
12.014096448028,7.0406140414997935
7.604097576391105,7.050687041599304
2.936618712553038,7.060760041465983
1.704436248334661,7.070832041557878
4.710907275793345,7.080905041657388
7.586122937815271,7.090978041524068
8.890081730109083,7.1010510416235775
8.848655063240765,7.111123041482642
8.439388892827795,7.121196041582152
7.438077943242266,7.131269041681662
5.685972365182843,7.1413420415483415
4.365944440336268,7.151414041640237
4.200279490126804,7.161487041506916
5.52530433350596,7.171560041606426
6.173935795449935,7.181632041465491
5.033260297839564,7.191705041565001
3.4354762458123864,7.201778041664511
3.327254554753809,7.21185104153119
3.628837226374523,7.221923041623086
3.82120755528226,7.231996041489765
3.859915507902808,7.242069041589275
3.8792320960541935,7.252142041455954
4.04466761423802,7.26221404154785
3.9720776364069015,7.27228704164736
3.696831301362848,7.282360041514039
3.266350158836556,7.2924320416059345
2.49534577303983,7.302505041472614
1.6212313997714305,7.312578041572124
0.8381963563613319,7.322651041671634
0.8735651287423245,7.332723041530698
1.6509029408952656,7.342796041630208
2.2858620784139645,7.352869041496888
2.7630212402248526,7.362942041596398
2.902223029945376,7.373014041455463
2.5604545556874942,7.3830870415549725
2.103613338288811,7.393160041654482
1.4805475523688372,7.403232041513547
0.7461702505148498,7.413305041613057
0.5422340347241248,7.423378041479737
0.9824690986477586,7.4334510415792465
1.3085395228817085,7.443523041671142
1.668740400066477,7.453596041537821
1.5488747176964364,7.463669041637331
1.2877236421077212,7.473742041504011
1.385380939783323,7.483814041595906
1.5138022817154708,7.493887041462585
1.574110483153627,7.503960041562095
1.3989215073569736,7.514031374827027
0.8862236564698548,7.524104374926537
0.6830306009249323,7.534177374793217
0.9207575310289788,7.5442503748927265
0.9855758731734026,7.554322374984622
0.6323125452753302,7.564395374851301
0.4741164519121391,7.574468374950811
0.8948667906651896,7.584541374817491
1.2990767702595227,7.594613374909386
1.536995524874101,7.604686375008896
1.516210315590343,7.614759374875575
1.7446222041015236,7.624832374975085
2.3836981010856166,7.63490437483415
2.875441070518261,7.64497737493366
2.972837669901673,7.655050374800339
2.813125888512116,7.665122374892235
2.547255272469828,7.675195374991745
1.945099720664217,7.685268374858424
1.521476879331697,7.695341374957934
1.1997005363644768,7.705413374816999
0.7274811322071939,7.715486374916509
0.5259464982425697,7.725559374783188
0.706398127476328,7.735632374882698
0.8979775117303287,7.7457043749745935
0.9778070301780838,7.755777374841273
1.0570718935772088,7.765850374940783
1.0744122358205774,7.775922374799848
1.0575581838293944,7.785995374899358
0.9563741574912183,7.7960683749988675
0.8610791601646851,7.806141374865547
0.8774172170952964,7.816213374957442
1.096761503762253,7.826286374824122
1.7159941400197651,7.836359374923631
2.5879725250286296,7.846432374790311
3.566605464742419,7.856504374882206
4.641355650044059,7.866577374981716
5.513770617326925,7.876650374848396
5.038368966820229,7.886722374940291
3.803223517927156,7.89679537480697
5.165574083891459,7.90686837490648
5.1183915692952615,7.91694137500599
3.3376632531968284,7.927013374865055
5.5747199200083575,7.937086374964565
13.038979350344585,7.947159374831244
14.723870993420778,7.957232374930754
8.642733035128376,7.967304374789819
6.814903622955874,7.977377374889329
8.168315539579753,7.987450374988839
9.961262236895532,7.997522374847904
11.299113409845988,8.007595374947414
11.631224080401909,8.017668374814093
10.498893229374078,8.027741374913603
8.631970746945857,8.037813375005499
6.430635266135889,8.047886374872178
4.795955725531842,8.057959374971688
3.893762453449855,8.068032374838367
3.814961601445752,8.078104374930263
4.138526760332523,8.088177374796942
4.870714216188807,8.098250374896452
5.995395356022606,8.108322374988347
6.328064607705616,8.118395374855027
5.706798396954561,8.128468374954537
5.263198429772144,8.138541374821216
4.801234280299629,8.148613374913111
4.848950060775506,8.158686375012621
5.641088938025076,8.1687593748793
6.093015821307828,8.17883237497881
5.157547358265813,8.188904374837875
4.7928277578810725,8.198977374937385
7.275987308782762,8.209050374804065
9.711761470916093,8.21912237489596
10.149499034555571,8.22919537499547
9.239259711930934,8.23926837486215
8.667367941071912,8.24934137496166
9.365200810074947,8.259413374820724
10.227595679731287,8.269486374920234
9.771186307450003,8.279559374786913
9.004684538022996,8.289632374886423
8.456452133517333,8.299704374978319
7.755605298765586,8.309777374844998
6.300372097186063,8.319850374944508
4.94652343625518,8.329922374803573
5.040145664995372,8.339995374903083
5.168538839626199,8.350068375002593
4.944594847467036,8.360141374869272
4.544647619784442,8.370213374961168
4.305828554554098,8.380286374827847
4.204656744032958,8.390359374927357
4.08356405883898,8.400432374794036
3.963581583235812,8.410504374885932
3.823604641680328,8.420577374985442
3.7059184228098143,8.43065037485212
3.577338576950451,8.440722374944016
3.5404000190091964,8.450795374810696
3.7756591138500784,8.460868374910206
4.303427827807553,8.470941375009716
4.0982790450735935,8.48101337486878
4.013769345607536,8.49108637496829
4.009049999678425,8.50115937483497
3.5022799024362654,8.511231916490942
2.088661075437194,8.521304916590452
1.7029075313657756,8.531377916457132
2.654546435428592,8.541450916556641
2.8592583803672267,8.551522916648537
2.410839881536037,8.561595916515216
2.1616951376686604,8.571668916614726
2.097488334093553,8.581741916481405
2.084708551894514,8.591813916573301
2.034089135311208,8.601886916672811
1.4269730274115209,8.61195991653949
2.121807332233362,8.622032916639
3.0474975772189907,8.632104916498065
3.7070111646810298,8.642177916597575
3.886012160695738,8.652250916464254
3.5856218086822764,8.66232291655615
3.662070358255953,8.67239591665566
4.254996104814532,8.682468916522339
4.7949573659651525,8.692541916621849
4.880507784971667,8.702613916480914
4.832830521762669,8.712686916580424
5.0552513416913465,8.722759916679934
5.966186211836334,8.732832916546613
7.380485709301699,8.742904916638508
8.703135919625717,8.752977916505188
9.061225826598704,8.763050916604698
8.487187392865728,8.773122916463763
8.36726251789952,8.783195916563272
8.274206419607278,8.793268916662782
6.581832695015108,8.803341916529462
5.350276750823364,8.813413916621357
6.999568912229534,8.823486916488037
7.965627221316132,8.833559916587546
5.633186084786614,8.843632916454226
1.9439860792137336,8.853704916546121
2.610716636851617,8.863777916645631
4.49172008372212,8.87385091651231
5.78052429288384,8.883922916604206
5.489543747265191,8.893995916470885
3.00716790793276,8.904068916570395
1.2650182931403997,8.914141916669905
1.5356228790860111,8.92421391652897
1.58193308894191,8.93428691662848
1.912672092660825,8.94435991649516
2.2232452166651284,8.95443291659467
2.4521310479383085,8.964504916453734
2.219671276802432,8.974577916553244
1.46174489868341,8.984650916652754
0.8012730564511089,8.994722916511819
1.1223875515999349,9.004795916611329
1.3815158773406755,9.014868916478008
1.3074411488004078,9.024941916577518
1.9096155369583565,9.035013916669412
3.620552157707936,9.045086916536093
6.395805337087782,9.055159916635604
9.859718747148186,9.065232916502282
12.910790175883488,9.075304916594176
14.019480739177933,9.085377916460857
11.72193370104204,9.095450916560369
7.122666870116441,9.105523916659877
5.24518110401146,9.115595916518942
6.165891024010223,9.125668916618451
6.214944446645689,9.13574191648513
6.019957570756309,9.145813916577026
7.38331738063082,9.155886916676536
8.52317730864448,9.165959916543216
8.023703125313459,9.176032916642724
8.269415796137045,9.18610491650179
9.616266883880543,9.1961779166013
11.291158400752591,9.20625091646798
11.26390524982877,9.21632391656749
8.367798093475129,9.226395916659383
7.268421737628151,9.236468916526064
8.687755682627794,9.246541916625574
12.365277074498266,9.25661391648464
14.114245400049793,9.266686916584147
10.0946655830851,9.276759916450828
4.393225638760235,9.286832916550338
2.7686210380428142,9.296904916642234
4.594631254005624,9.306977916508911
4.945556048438221,9.317050916608425
4.613414321091359,9.327123916475102
4.120135902041517,9.337195916566998
3.3809985139839283,9.347268916666508
2.6932184755623165,9.357341916533189
2.608539693473391,9.367414916632695
2.780045508907502,9.377486916491762
2.5850054253274197,9.387559916591272
2.4186188523704604,9.397632916457953
2.179722355959918,9.407704916549848
2.2021570091222764,9.417777916649356
2.5455218490008447,9.427850916516036
2.5764459064509477,9.437923916615546
1.7978240702826496,9.44799591647461
3.3571759166914243,9.45806891657412
7.919505122603619,9.46814191667363
10.658829967564063,9.47821491654031
9.21748092620957,9.488286916632203
5.970549793330542,9.498359916498885
3.2215226458020663,9.508432916598396
1.2916813118767276,9.51850474998355
2.328121642173,9.528577749850228
4.5936551269291,9.538650749949738
6.55442567525774,9.548723749816418
7.270329577323146,9.558795749908311
7.138624686630358,9.568868750007825
6.797732777477737,9.578941749874502
5.558679532129744,9.589014749974012
3.369667255590339,9.599086749833075
1.0256529899402873,9.609159749932587
2.0677581720866094,9.619232749799266
3.863300644576536,9.629305749898776
4.902859226668177,9.639377749990672
4.826604278762175,9.649450749857351
3.719108464954469,9.65952374995686
2.2869554286972487,9.669595749815926
1.2240905534349056,9.679668749915436
0.9987168997987722,9.689741750014946
1.4017576257243811,9.699814749881623
1.864052701280844,9.70988674997352
2.2720692778487943,9.7199597498402
2.4797609702514047,9.73003274993971
2.3028754003634364,9.74010574980639
1.8835910736430237,9.750177749898285
1.5422487641424227,9.760250749997796
1.7904312272143572,9.770323749864474
2.281095314497681,9.78039574995637
2.540920056541553,9.790468749823049
2.531547308096304,9.80054174992256
2.31928621556888,9.810614749789238
1.9112115673388737,9.820686749881132
1.5851473153285869,9.830759749980643
1.7250767835162768,9.840832749847324
2.2290336016574006,9.850905749946833
2.962019280459272,9.860977749805896
3.663651712794428,9.871050749905407
4.300995953981198,9.881123750004916
4.766772402936273,9.891195749863982
4.840246570739239,9.901268749963492
5.11767943939532,9.911341749830171
6.217266893965475,9.92141474992968
7.200177795929687,9.931486749788746
6.501173977208305,9.941559749888256
6.810000143756708,9.951632749987766
8.132582821975303,9.961705749854444
5.369829784847321,9.97177774994634
4.17394563755715,9.98185074981302
7.607478019057459,9.99192374991253
11.363880509319316,10.00199675001204
10.802586976355226,10.012068749871103
8.440524504799031,10.022141749970617
6.740927397935927,10.032214749837294
5.854661271505639,10.04228674992919
7.225080840578839,10.052359749795867
9.4016484179909,10.06243274989538
10.321983332705337,10.072505749994887
10.16037309984822,10.082577749853954
9.613725034740646,10.092650749953464
8.91767040609506,10.102723749820145
7.757580347286544,10.112796749919651
6.572813564962353,10.122868750011548
5.664821608710383,10.132941749878228
4.914675266015566,10.143014749977738
4.676728388365011,10.153086749836802
5.156737732344296,10.163159749936312
6.225617225518732,10.173232749802992
7.06924024815085,10.183305749902502
7.162839759667161,10.193377749994395
6.91337325892455,10.203450749861076
6.379558520988184,10.213523749960586
5.7522544926550045,10.223596749827266
7.222676601881309,10.23366874991916
9.68465643365414,10.24374174978584
10.574859930709572,10.25381474988535
10.322359639186235,10.26388774998486
10.407956536110568,10.273959749843923
10.36120511033216,10.284032749943435
10.4414117173481,10.294105749810116
10.248458375235648,10.30417774990201
11.15354571541075,10.31425075000152
12.140099387740506,10.3243237498682
12.036532602183913,10.33439674996771
10.760077872858144,10.344468749826774
9.987143891746753,10.354541749926284
9.7060601481234,10.364614749792963
9.81235793200544,10.374687749892471
10.086845400514658,10.384759749984369
10.114692971550546,10.394832749851048
9.60883479035672,10.404905749950558
8.951025709145657,10.414978749817235
8.363015027122485,10.425050749909133
7.133742833795827,10.435123750008644
5.79276411132537,10.445196749875322
4.273377337412496,10.455268749967216
2.9393920925084385,10.465341749833897
2.0275569644571445,10.475414749933408
1.5365903814438058,10.485487749800086
1.7017239618438005,10.49555974989198
2.508110599400999,10.505632749991491
2.866000216577402,10.51570574985817
2.7208245093238674,10.52577874995768
2.585631116348841,10.535850749816746
2.6337477557158278,10.545923749916255
3.656858175536904,10.555996749782937
4.361123095654659,10.566069749882445
3.735363375196946,10.57614174997434
2.7224119808878906,10.58621474984102
2.882220098855228,10.59628774994053
3.9517028404919854,10.606359749799594
5.24548457848523,10.616432749899104
6.373005585748308,10.626505749998614
6.346763933952263,10.636578749865294
5.131054608404196,10.646650749957187
3.099247466313551,10.656723749823868
1.851116633543532,10.666796749923378
1.099828858043602,10.676869749790058
0.6732888497575222,10.686941749881951
1.8560321066252108,10.697014749981465
3.140476562513108,10.707087749848142
4.623654635104036,10.717160749947652
5.446954208797034,10.727232749806715
5.342858022427989,10.737305749906229
5.140354356909836,10.747378750005735
5.291681175593153,10.757450749864802
5.798044050609294,10.767523749964312
6.874100673466571,10.777596749830993
7.410461230810862,10.7876697499305
6.4398109550649485,10.797741749789566
5.350948123875589,10.807814749889076
5.6379146367205015,10.817887749988586
7.545440296089791,10.827960749855263
9.854996043937868,10.83803274994716
12.572236858761949,10.84810574981384
15.91185225006853,10.85817874991335
15.241919878063138,10.86825175001286
9.80806346693837,10.878323749871925
5.719027731333365,10.888396749971434
8.638519534156947,10.898469749838114
11.767293257909325,10.90854174993001
12.823660657183966,10.918614749796689
10.795955563446906,10.9286877498962
5.91333087472384,10.938760749995708
3.8668293724071527,10.948832749854772
7.563251990271306,10.958905749954283
10.25949940660756,10.968978749820964
9.87058289788739,10.979051749920473
5.248891012036279,10.989123750012368
1.953284005111536,10.999196749879047
4.789041870359185,11.009269749978555
4.948488561114865,11.019342749845237
4.117772168820535,11.029414749937132
3.3482830337494813,11.039487749803811
2.7590812155329485,11.04956074990332
2.500315793512939,11.059632749995217
2.3147392960055244,11.069705749861896
2.877371294532732,11.079778749961406
3.374115300159707,11.089851749828084
3.2338468947898296,11.09992374991998
2.848797244368272,11.10999674978666
2.384356142285752,11.12006974988617
2.294199971069691,11.13014274998568
2.4498097531747214,11.140214749844745
2.402651763802278,11.150287749944257
2.3111174116041697,11.160360749810934
2.6377927726928747,11.17043274990283
3.6039916481894094,11.18050575000234
5.191817814099871,11.19057874986902
7.447841984339217,11.200651749968529
9.791414306301126,11.210723749827594
12.09113286172412,11.220796749927104
13.89915492398361,11.230869749793785
14.779969900910736,11.240942749893293
13.496403616091287,11.251014749985188
9.826563974340566,11.261087749851868
5.793797605073896,11.271160749951378
3.974049993272879,11.281233749818057
4.3615090790429,11.291305749909952
4.591584020561981,11.301378750009462
6.204097862622239,11.311451749876142
9.984596366800384,11.321524749975652
11.278931147917048,11.331596749834716
10.03063287534649,11.341669749934226
9.527855365971016,11.351742749800906
9.044412771545742,11.3618147498928
8.704804991116571,11.371887749992313
9.184555046332342,11.38196074985899
9.574829193126789,11.3920337499585
9.672385328122926,11.402105749817563
8.952939281953766,11.412178749917077
8.580909734213996,11.422251749783754
10.106922242145473,11.432324749883264
10.29388264114242,11.44239674997516
9.100126090853538,11.45246974984184
9.143302026110964,11.462542749941347
8.319420883245096,11.472615749808028
6.370754381869016,11.482687749899924
5.59508086803211,11.492760749999434
6.459952087436006,11.502833749866111
6.950253919206356,11.512905749958009
6.444254470863959,11.522978541674092
5.471974017987052,11.533051541540772
4.950254576142638,11.543124541640282
4.49878003966866,11.553196541499346
3.803670364603821,11.563269541598856
3.230839302600173,11.573342541465536
2.6507019891588253,11.583415541565046
3.166029609022874,11.59348754165694
4.409634483844177,11.60356054152362
6.214610268869969,11.61363354162313
8.453330583643245,11.62370654148981
10.404847942119648,11.633778541581703
11.01802668109549,11.643851541681215
9.231471693592024,11.653924541547894
6.587997610015337,11.66399654163979
4.692654035836387,11.67406954150647
3.332947981563902,11.68414254160598
3.208153449542205,11.69421554147266
3.670348847212345,11.704287541564554
6.426483664644345,11.714360541664064
9.068536704557278,11.724433541530743
8.243909736031382,11.734506541630251
7.134715170169145,11.744578541489318
7.094823780571788,11.754651541588828
6.250867651204569,11.764724541455507
4.389650378232565,11.774797541555015
5.049834523959285,11.784869541646913
7.708455811427225,11.794942541513592
9.748474347094083,11.805015541613102
9.939843443611446,11.815087541472169
8.883259628823245,11.825160541571677
5.75653961864578,11.835233541671188
3.993559185416755,11.845306541537866
5.055695217046485,11.85537854162976
7.536526829332897,11.86545154149644
8.823383350697478,11.87552454159595
7.173751035931543,11.88559754146263
5.03794875257258,11.895669541554524
5.051929013945348,11.905742541654035
5.716120374019232,11.915815541520717
6.187110442234438,11.925888541620225
5.89488231750961,11.93596054147929
4.073695293387273,11.9460335415788
1.739156180648446,11.95610654167831
0.4584378885359797,11.966178541537374
2.2108811217905977,11.976251541636884
3.487326333820296,11.986324541503564
4.081183310845578,11.996397541603072
3.9301257097967097,12.006469541462138
3.211427151022845,12.016542541561648
2.597525406663875,12.026615541661158
2.589114718396601,12.036688541527838
3.238909855334515,12.046760541619731
4.132330235667991,12.056833541486412
4.794789121881295,12.066906541585922
5.316442432921011,12.076979541452602
5.7959398502803054,12.087051541544495
6.159411801202085,12.097124541644009
6.31182804197263,12.107197541510686
5.848982737735574,12.117270541610196
5.183264656858585,12.12734254146926
4.609177771505903,12.137415541568773
3.8754717840860486,12.14748854166828
3.18560475000675,12.157560541527346
2.8229216789373863,12.167633541626856
2.64201663759052,12.177706541493537
2.4694168693125613,12.187779541593043
2.398755790379057,12.19785154145211
2.4983771815649973,12.20792454155162
2.6957742526991897,12.21799754165113
2.731887197340892,12.228070541517807
2.504274351191451,12.238142541609704
2.53896393475768,12.248215541476384
2.9736900823349406,12.258288541575894
3.308019356826413,12.268361541675404
3.313674906842417,12.278433541534469
3.133489369322122,12.288506541633978
2.9354063079172747,12.298579541500658
2.769492352411888,12.308651541592551
2.47811222765722,12.318724541459233
2.1213146963013885,12.328797541558744
1.7673383766599855,12.338870541658252
2.024509449817561,12.348942541517316
3.184716430760706,12.359015541616827
4.469295936978806,12.369088541483508
5.384438692677969,12.379161541583017
5.25337112501175,12.389233541674912
4.252654335614844,12.399306541541591
3.061724682003201,12.4093795416411
2.3564757249824786,12.41945254150778
2.0457403039151085,12.429524541599676
1.6542955062905436,12.439597541466355
1.099084011618009,12.449670541565864
0.839579871062903,12.459743541665375
0.8706824670209224,12.46981554152444
0.7930548806231618,12.47988854162395
0.8222031619685043,12.48996154149063
0.9397950156779336,12.500033541582525
1.0364418083557705,12.510106541682037
1.357766013978707,12.520179374841971
1.581823256150863,12.530252374941483
1.7124459043622482,12.540324374800548
1.6637925246018497,12.550397374900058
1.3110734089686262,12.560470374999568
0.8675526522796418,12.570543374866247
1.102576976789339,12.580615374958144
1.8742091144336284,12.590688374824822
2.66877044579776,12.600761374924332
3.468602344274604,12.610834374791011
4.406861853937872,12.620906374882908
5.175642937731855,12.630979374982417
6.02617269792006,12.641052374849096
7.081788067301257,12.651124374940991
8.347152881175871,12.66119737480767
10.13412057725091,12.67127037490718
10.453560913431849,12.68134337500669
6.621954847579429,12.691415374865755
5.428579590692653,12.701488374965264
6.832025447254515,12.711561374831945
9.975795914130344,12.721634374931456
12.629902483634368,12.73170637479052
11.906422022022133,12.74177937489003
8.828297069728103,12.75185237498954
6.766721042260928,12.76192537485622
7.3413455331987185,12.771997374948114
10.446854814496165,12.782070374814792
11.441223078343787,12.792143374914303
10.765456200607671,12.802216375013812
10.78093983295574,12.812288374872878
10.58482173463486,12.822361374972388
10.3052497656694,12.832434374839067
9.388205692683744,12.842507374938576
7.713154186624981,12.852579374797642
6.819630755291239,12.862652374897152
6.792129867326515,12.872725374996662
7.404050521387584,12.882797374855729
7.982716982126925,12.892870374955235
7.613353487338939,12.902943374821916
6.754346680676589,12.913016374921426
6.559602279479631,12.923088375013322
6.799315042971663,12.93316137488
6.8686758085423705,12.943234374979513
7.641644845854442,12.95330737484619
8.32316085732241,12.963379374938086
9.331248865110526,12.973452374804763
9.252812640720183,12.983525374904277
8.846702296297483,12.993598375003783
7.728850444418234,13.00367037486285
7.404197946175444,13.01374337496236
8.038982776992235,13.02381637482904
8.951329237831215,13.033889374928547
10.205339595878884,13.043961374787614
11.412492598251193,13.054034374887124
12.613860620876851,13.064107374986634
12.01493585148293,13.074179374845698
11.233207576377565,13.084252374945208
10.253416818947192,13.094325374811888
9.478711768075836,13.104398374911398
8.657286134328174,13.114470375003291
8.107998581107825,13.124543374869972
8.081671065493667,13.134616374969482
7.461866123511394,13.144689374836162
4.776673884143632,13.154761374928055
4.174301925189785,13.164834374794737
4.685729669694727,13.174907374894246
4.587132423942925,13.184980374993756
4.549028824551383,13.19505237485282
4.197537367234325,13.205125374952331
4.231982460953244,13.21519837481901
4.209510790370174,13.225270374910906
3.0864129805469416,13.235343375010416
1.9338926650818529,13.245416374877095
1.4358412034004615,13.255489374976603
1.6058664086532952,13.26556137483567
1.633126183297961,13.27563437493518
1.8160014261337607,13.28570737480186
2.5776909648388657,13.29578037490137
2.852178846706093,13.305852374993265
2.8865338702714456,13.315925374859944
2.751478192162442,13.325998374959454
2.7044219692397173,13.336071374826131
2.655206874362985,13.346143374918029
1.935224836898929,13.356216374784708
1.430113074476156,13.366289374884218
1.7141928029211186,13.376362374983728
2.388761252001617,13.386434374842793
2.823933422609441,13.396507374942304
2.9060970758057936,13.406580374808982
2.8836965727650954,13.416653374908492
2.5526418104245105,13.426725375000387
2.330407150532096,13.436798374867069
1.888334562416496,13.446871374966577
2.1384954161961005,13.456943374825642
2.338594994370714,13.467016374925151
2.176246824424834,13.47708937479183
2.379711309035363,13.48716237489134
2.446678082529797,13.497234374983236
1.879903883869171,13.507307374849916
1.8045680426120976,13.517380625009537
2.117226041214374,13.527453624876216
2.418046655574388,13.537525624968112
3.1249105806872466,13.54759862483479
3.7751192494918073,13.5576716249343
3.169830918495045,13.56774462480098
2.0206498946469638,13.577816624892876
1.5364112179001157,13.587889624992386
1.4806097417708253,13.597962624859065
1.5381396195367822,13.608035624958577
1.79910422615891,13.61810762481764
2.1480534211548155,13.62818062491715
2.6885347902550385,13.638253624783829
3.2273043447548444,13.64832662488334
3.261570361305906,13.658398624975234
3.1291039117888992,13.668471624841914
3.05870843413184,13.678544624941424
2.8401658517391355,13.688616624800488
2.565525488549374,13.698689624899998
2.294007763797044,13.708762624999508
2.1202459097515094,13.718835624866188
2.066870540000904,13.728907624958085
1.94578991327658,13.738980624824762
1.7528632278791847,13.749053624924272
2.1550218341654253,13.759126624790952
3.605730049011511,13.769198624882849
5.1711277889445295,13.779271624982355
5.7016663476634015,13.789344624849036
5.073418899333377,13.799417624948546
3.7252244444462383,13.809489624807613
2.587429969470173,13.81956262490712
3.22720602199786,13.829635625006633
5.053892954414567,13.83970862487331
6.153090502582937,13.849780624965206
4.693390898792753,13.859853624831883
2.3347494789734573,13.869926624931397
1.8246511898879128,13.87999862479046
3.3394944143031644,13.89007162488997
6.479883161425449,13.90014462498948
7.662623226291614,13.91021762485616
5.49687351664974,13.920289624948056
3.067488353320342,13.930362624814734
2.5562262437444825,13.940435624914244
2.563000555951648,13.950508625013754
3.2921784335060464,13.96058062487282
4.845521242323735,13.970653624972329
6.968394520045048,13.980726624839008
9.943663105968405,13.990799624938518
12.47774822786782,14.000871624797584
14.005203329732192,14.010944624897093
14.7354673250057,14.021017624996604
13.867010452572194,14.031090624863282
10.508844541379558,14.041162624955176
6.83014246873634,14.051235624821857
5.706407568007185,14.061308624921368
6.132397175649822,14.071381624788046
6.931237557138752,14.08145362487994
9.50638409683059,14.091526624979451
9.772170290015255,14.10159962484613
9.654117950351951,14.11167262494564
10.739531109399334,14.121744624804704
11.60834706132441,14.131817624904215
12.000482019714925,14.141890625003724
12.197763528298266,14.15196262486279
11.52690744988651,14.1620356249623
9.281889285802064,14.17210862482898
7.92575911537638,14.18218162492849
7.526035401759776,14.192253624787554
7.605931158898583,14.202326624887064
10.436962459297163,14.212399624986574
13.982244146183746,14.222472624853252
12.639497821169714,14.232544624945149
8.823155254036646,14.242617624811828
3.920143415828045,14.252690624911338
1.9070446348723864,14.262763625010848
1.5416511230509735,14.272835624869913
2.5167773781166285,14.282908624969425
3.0196486204034696,14.292981624836102
3.313441014276536,14.303054624935612
4.1217350738688046,14.313126624794675
5.347100735506968,14.323199624894189
6.339187441435087,14.333272624993697
6.374508784993751,14.343345624860376
4.822209929950088,14.353417624952272
1.9492823314819567,14.363490624818953
3.819060291314429,14.37356362491846
8.075394323005451,14.38363662478514
9.627985828898812,14.393708624877036
9.26313221350817,14.403781624976546
9.001149501138688,14.413854624843225
8.354116401006424,14.42392662493512
6.762260744781399,14.4339996248018
5.200910455981323,14.44407262490131
4.194833197473465,14.45414562500082
5.672737334181788,14.464217624859884
9.624443535495155,14.474290624959394
12.479299835817194,14.484363624826074
12.165471197274988,14.494436624925584
7.065642860828948,14.504508624784648
3.7004213656368896,14.514581624884158
7.101562005726577,14.524655249901116
9.00628703382939,14.534728250000626
8.746066034209752,14.54480024985969
7.047439743949567,14.5548732499592
3.897511334296377,14.56494624982588
0.6283773885922624,14.57501924992539
2.081497305567064,14.585091249784456
3.780313144376005,14.595164249883965
4.232573368673379,14.605237249983476
3.442954443537692,14.615310249850154
2.518903671298955,14.62538224994205
1.7468462689750304,14.635455249808729
1.5453483583685284,14.64552824990824
1.767996314686317,14.655601250007749
1.891741935810372,14.665673249866812
1.718664377806633,14.675746249966323
1.5028245839799494,14.685819249833004
1.555685592095084,14.695891249924898
1.9382816721998168,14.705964249791576
2.446413704568533,14.716037249891087
3.430500610258893,14.726110249990596
4.97154213159105,14.736182249849662
6.470516183425059,14.746255249949172
8.120094940768766,14.756328249815851
9.7641648791042,14.76640124991536
9.786267492546196,14.776473250007257
7.827926771858399,14.786546249873936
5.694225644063287,14.796619249973446
5.810341451674135,14.806692249840124
6.023508562193183,14.81676424993202
7.253680305759274,14.8268372497987
10.541025391579016,14.83691024989821
11.940343750913236,14.84698324999772
8.72507407246032,14.857055249856783
5.062075267250734,14.867128249956297
4.875840683018254,14.877201249822974
7.614507519448511,14.887274249922484
10.683282129916604,14.89734625001438
11.324885577435502,14.90741924988106
9.78493863861178,14.917492249980569
7.864794236535146,14.927565249847248
5.901353310418168,14.937637249939144
4.0679986778714845,14.947710249805825
2.661455392073534,14.957783249905331
1.7265861506181377,14.967856250004845
1.9988066364562973,14.977928249863908
2.5298689544851016,14.988001249963418
3.4411393078984496,14.998074249830095
4.171253866384398,15.008147249929609
4.4386032597088905,15.018219249788672
4.274776929933884,15.028292249888182
4.218767079863342,15.038365249987692
3.8214318859649774,15.048438249854373
3.1560323112258963,15.058510249946266
2.722322166407196,15.068583249812946
2.8228958008039764,15.078656249912456
3.5834847317319483,15.088728250004351
4.832720201769227,15.09880124987103
5.560714350219079,15.10887424997054
6.155690811660545,15.11894724983722
6.830123505441615,15.129019249929115
7.521635222572612,15.139092249795794
7.773669360781015,15.149165249895304
8.094170599063803,15.159238249994814
7.743854686134834,15.16931024985388
7.570217270853349,15.17938324995339
7.327968609780772,15.189456249820068
7.137827030032614,15.199529249919578
7.04779470370404,15.209601250011474
6.405671183680495,15.219674249878151
6.136750450663077,15.229747249977663
6.426909048290035,15.239820249844342
6.530020027783388,15.249892249936238
6.3123025729221,15.259965249802915
6.230204282528403,15.270038249902427
6.350052477902084,15.280111250001935
6.235083660789906,15.290183249861002
5.603301049454938,15.300256249960512
4.921730852673417,15.310329249827191
4.733965739442294,15.3204022499267
4.662172988218119,15.330474249785766
4.433909606274962,15.340547249885276
4.076866572186336,15.350620249984786
3.758279848936895,15.36069224984385
3.5188683425709346,15.37076524994336
3.12075792480126,15.38083824981004
2.266369844276236,15.39091124990955
1.9968376134782824,15.400983250001444
3.036577842737071,15.411056249868125
3.5333569679950685,15.421129249967636
3.974864956435367,15.431202249834314
3.991890458335902,15.44127424992621
3.3571969524491028,15.451347249792889
2.6408894862788843,15.4614202498924
3.088668146890763,15.471493249991909
4.105359635483728,15.481565249850972
5.435050013444169,15.491638249950483
6.453644987637557,15.501711249817165
7.049724502049207,15.511784249916673
7.191411138051508,15.521855916595086
6.272027944892086,15.531928916461766
5.085451688429359,15.542001916561276
4.307603254982818,15.552074916660786
4.192653112785477,15.56214691651985
3.9676807534472074,15.57221991661936
3.429894367481947,15.58229291648604
2.904306038956437,15.59236591658555
2.3787207806051938,15.602437916677443
2.1019859255896343,15.612510916544124
3.1280113629918627,15.622583916643634
6.687791113684007,15.632656916510314
8.846249110769714,15.64272891660221
8.90351703847836,15.652801916468889
8.615558752309074,15.662874916568398
8.220634231940416,15.672947916667908
7.814464915013718,15.683019916526971
8.314490185798165,15.693092916626483
8.634291921182987,15.703165916493164
9.412713104911914,15.713238916592672
9.071681677541356,15.723310916451736
5.882793987115993,15.733383916551247
3.2841916530052657,15.743456916650755
6.68572929388808,15.753529916517437
7.559508717123506,15.763601916609332
5.802257306104647,15.773674916476011
3.983051725402721,15.78374791657552
3.4165097828323634,15.793820916675031
4.173617016978448,15.803892916534096
4.687504748003395,15.813965916633606
3.9992864376458535,15.824038916500283
2.461871341351128,15.834111916599795
1.916949532854906,15.84418391645886
2.585094240758428,15.85425691655837
3.314876796969679,15.86432991665788
3.978742598123856,15.874401916516945
4.335822057313325,15.884474916616456
4.298978001590992,15.894547916483134
3.7418264475844247,15.904620916582644
2.8161032210903194,15.91469291667454
1.7310518038852176,15.92476591654122
1.0915551696771344,15.934838916640729
1.3220731931683918,15.944911916507408
1.5882472839604895,15.954983916599303
1.9714477669313912,15.965056916465985
3.004351650060976,15.975129916565493
4.943918433797268,15.985202916665004
7.543882877598225,15.995274916524068
10.438851726554898,16.005347916623577
12.336901639870378,16.015420916490257
12.130615859398194,16.025493916589767
10.3903389099832,16.035565916681662
7.316151331962338,16.04563891654834
5.860939121493896,16.05571191664785
6.691423291407345,16.06578491651453
7.110265452496016,16.075856916606426
7.176365200972132,16.085929916473106
7.859689764127313,16.096002916572616
9.125234668414612,16.106075916672125
9.783915412392613,16.11614791653119
9.717821378423272,16.1262209166307
9.446447279726112,16.13629391649738
9.38448413919286,16.14636691659689
9.468707557887878,16.156438916455954
8.709160177180342,16.166511916555464
7.704482706116471,16.176584916654974
7.445772483528949,16.186657916521654
7.533541142747419,16.19672991661355
7.838770989900975,16.20680291648023
7.910193108592243,16.21687591657974
7.332935823752557,16.226948916679248
6.7327123368861175,16.237020916538313
6.209826299396408,16.247093916637823
5.49915972856354,16.257166916504502
4.928069472918035,16.267239916604012
4.572887588894212,16.277311916463077
4.664480145632772,16.287384916562587
4.9189074230358845,16.297457916662097
4.914516140734204,16.307530916528776
4.862082615139449,16.31760291662067
5.1784882614772725,16.32767591648735
5.463075677521262,16.33774891658686
5.225070968271396,16.34782191645354
4.607720844878308,16.357893916545436
4.3341241038130605,16.367966916644946
4.983264908843732,16.378039916511625
5.059417277500385,16.388112916611135
4.014825752712598,16.3981849164702
3.5666075217381423,16.40825791656971
3.4440290174086137,16.41833091666922
2.826185643378504,16.4284039165359
2.33879552199129,16.438475916627795
2.0846977405149434,16.448548916494474
1.6579718520671594,16.458621916593984
1.092283059934938,16.468694916460663
0.6295233869775267,16.47876691655256
0.3829808644158508,16.48883991665207
0.9330308039878512,16.498912916518748
1.4571463122041304,16.508985916618258
1.9380043000844036,16.519058249890804
2.108495990177464,16.529131249990314
2.0172345837849397,16.539204249856994
1.7730615997666586,16.549277249956504
1.3026875726963445,16.55934924981557
0.6789855238664481,16.56942224991508
0.2209556979816472,16.57949525001459
0.6837316952714353,16.589568249881268
1.2744844296927935,16.599640249973163
1.771489454735956,16.609713249839842
2.1866035684086325,16.619786249939352
2.576062410753756,16.62985924980603
2.9234497636662424,16.639931249897927
3.27539064189533,16.650004249997437
4.088407854967777,16.660077249864116
5.765901078740915,16.670150249963626
7.531690470217655,16.68022224982269
9.42355944945234,16.6902952499222
10.358517148817032,16.70036824978888
8.29423350235491,16.71044124988839
6.165996450669324,16.720513249980286
5.98760019674988,16.730586249846965
5.893374906241665,16.740659249946475
9.231602387310645,16.75073124980554
13.968367196823912,16.76080424990505
11.59950839263267,16.77087725000456
5.0846517924174295,16.78095024987124
3.038659327345238,16.791022249963135
5.142693720290986,16.801095249829814
7.1780012093844245,16.811168249929324
7.72632885702991,16.821241249796003
7.72041619487942,16.8313132498879
7.030648468924098,16.84138624998741
5.755950703223342,16.851459249854088
4.334768787291412,16.861532249953598
3.5762995120298973,16.871604249812663
3.627979982260881,16.881677249912173
4.185302255280533,16.891750250011683
4.876241802780156,16.901823249878362
5.561254565205366,16.911895249970257
6.052283655750617,16.921968249836937
6.163881672973993,16.932041249936447
6.093874788527301,16.942114249803126
6.069615480610609,16.95218624989502
6.272078684849916,16.96225924999453
6.072612948850497,16.97233224986121
5.250696121626297,16.98240524996072
5.010416426570776,16.992477249819785
4.909979547877653,17.002550249919295
4.211867681308666,17.012623249785975
5.178635076687353,17.022696249885485
5.489137350965113,17.03276824997738
6.252347025303791,17.04284124984406
7.026847030265235,17.05291424994357
7.479842290382048,17.06298724981025
7.702437102454724,17.073059249902144
7.646200048548693,17.083132250001654
7.548271988696359,17.093205249868333
7.767089013773751,17.103278249967843
7.682969681952682,17.113350249826908
7.372116971815476,17.123423249926418
6.905018115922098,17.133496249793097
6.254844249746448,17.143569249892607
6.010848524609675,17.153641249984503
5.50379496541139,17.163714249851182
4.739595869050377,17.173787249950692
4.41263934915346,17.18386024981737
4.6581181956759465,17.193932249909267
5.461582314579879,17.204005250008777
6.502797359869134,17.214078249875456
6.9487804192957965,17.224151249974966
6.696653046033781,17.23422324983403
6.596100326672237,17.24429624993354
6.777489863443601,17.25436924980022
6.565024838378879,17.26444224989973
6.069525449165744,17.274514249991626
5.443017072081799,17.284587249858305
4.785582719808078,17.294660249957815
3.866731923686488,17.304733249824494
3.1207655666077354,17.31480524991639
3.296586009342776,17.32487824978307
3.8585352065521374,17.33495124988258
3.908433068451609,17.34502424998209
3.490936494751326,17.355096249841154
3.480303758367377,17.365169249940664
3.432839462902219,17.375242249807343
3.447631415384775,17.385315249906853
3.8684897342354088,17.39538724999875
4.217249557581964,17.405460249865428
4.509210380730555,17.415533249964938
4.72633742005199,17.425606249831617
4.572532073732701,17.435678249923512
4.391741105306588,17.44575124979019
4.975024786323991,17.4558242498897
5.967218152259066,17.46589724998921
6.44113367072052,17.475969249848276
6.756166698295521,17.486042249947786
6.834319032117568,17.496115249814466
6.680597527289208,17.506188249913976
7.221906851061933,17.51626025000587
8.121810549748394,17.52633274998516
8.329100355090775,17.536405749851838
8.354017691044223,17.546478749951348
9.172532222266389,17.556551749818027
10.687644158995072,17.566623749909922
11.230941646662158,17.576696750009432
10.169899480907436,17.58676974987611
8.172419694556446,17.59684274997562
7.066093996386706,17.606914749834687
6.432486193081629,17.616987749934196
4.684772414744928,17.627060749800876
2.273865520187482,17.637133749900386
1.4408934242706148,17.64720574999228
2.7670699265761924,17.65727874985896
4.520426948483618,17.66735174995847
5.687799944807909,17.67742474982515
5.559390320012771,17.687496749917045
4.229520324798527,17.697569749783725
2.116459192303585,17.707642749883235
1.1938572161923524,17.717715749982744
2.210345760992608,17.72778774984181
3.02331002118366,17.73786074994132
2.809435233753121,17.747933749808
1.8714073910769284,17.75800674990751
1.3700382042785697,17.768078749999404
2.388180888995065,17.778151749866083
3.614319964702098,17.788224749965593
4.51335864987596,17.798297749832273
5.128885308374305,17.808369749924168
4.914832303657378,17.818442749790847
3.9642337293113656,17.828515749890357
3.101708443327293,17.838588749989867
2.7383341894459745,17.848660749848932
2.9116081974754326,17.858733749948442
2.812739658311714,17.86880674981512
2.147239532985817,17.87887974991463
2.0780513266899794,17.888951750006527
3.1244365564875225,17.899024749873206
5.087855283508159,17.909097749972716
8.35635390234551,17.919170749839395
14.73623895035206,17.92924274993129
21.76221863380295,17.93931574979797
20.945919463856217,17.94938874989748
11.79283243099129,17.95946174999699
6.14588613862739,17.969533749856055
4.906915892116,17.979606749955565
4.014209677653582,17.989679749822244
6.551905167099511,17.999752749921754
9.567100067135828,18.00982475001365
9.93229418953784,18.01989774988033
10.64884394254231,18.02997074997984
11.996340011487634,18.04004374984652
13.181116581326844,18.050115749938414
13.654359483149118,18.060188749805093
12.996515124153602,18.070261749904603
11.12311105116835,18.080334750004116
9.307860732861084,18.090406749863178
7.85063796298209,18.100479749962687
6.206196457882615,18.110552749829367
7.970191186675823,18.12062574992888
13.006995582838398,18.13069774978794
11.656823716512385,18.14077074988745
4.835780910220038,18.15084374998696
1.4362797519531496,18.16091674985364
4.160212858122602,18.170988749945536
5.403796250266892,18.181061749812216
4.608446864469717,18.19113474991173
3.29163830690343,18.201207750011235
4.080432420393072,18.2112797498703
6.338691964454156,18.22135274996981
9.057710068801107,18.23142574983649
11.043062729388124,18.241498749936
10.356891943131236,18.251570749795064
7.062373750622752,18.26164374989457
7.370859747955079,18.271716749994084
10.675467583444435,18.281789749860764
11.006587618983806,18.29186174995266
10.265348253808666,18.30193474981934
8.196778039510676,18.31200774991885
6.818538536929219,18.322080749785528
9.638334426609571,18.332152749877423
11.66501817031013,18.342225749976933
14.92913909901497,18.35229874984361
14.426794162516735,18.36237174994312
6.734757540349603,18.3724447498098
4.326241909980077,18.382516749901697
8.395085463986664,18.392589750001207
10.957393465906822,18.402662749867886
10.046004418152364,18.4127357499674
6.822638315051777,18.42280774982646
4.047566180684592,18.43288074992597
4.43118140283157,18.44295374979265
6.675082629935041,18.45302674989216
7.66909423464147,18.463098749984056
5.0373120604756245,18.47317174985073
1.6073299745015364,18.483244749950245
2.0766106475986685,18.493317749816924
3.3547973513221567,18.50338974990882
4.094761758384223,18.51346275000833
3.871732828390568,18.52353604161181
2.796334398163837,18.533609041478485
1.9085377342882164,18.54368104157038
2.0202266277435905,18.55375404166989
2.5045567134420463,18.56382704153657
2.515388025029526,18.57390004163608
1.9171037894923304,18.583972041495144
2.313495350358848,18.59404504159465
3.860228099955588,18.604118041461334
5.715169188226617,18.614191041560844
8.442634355142971,18.62426304165274
11.483678883997692,18.63433604151942
10.483159498627666,18.64440904161893
6.127085773019713,18.654482041485608
4.047810443315356,18.664554041577503
2.4508284945152234,18.674627041677013
6.077809467190476,18.68470004154369
9.912110459137311,18.6947730416432
11.792404952334202,18.704845041502267
10.424226001572457,18.714918041601777
6.348205944626283,18.724991041468456
3.7784665277225686,18.735064041567966
3.4484233130145028,18.745136041659865
5.546334208130734,18.75520904152654
7.719912624964798,18.76528204162605
8.60599515311449,18.77535504149273
8.33495794269127,18.785427041584622
7.225019649103715,18.795500041451305
5.786903788862523,18.80557304155081
4.248421515758567,18.815646041650325
3.206949481202123,18.825719041517004
2.951501211929481,18.8357910416089
2.953718847894995,18.84586404147558
3.138995269999932,18.85593704157509
3.672593178005554,18.8660100416746
4.742489390254997,18.876082041533664
5.612539386600689,18.88615504163317
6.446265719205621,18.896228041499853
6.721261737756813,18.906301041599363
6.6377681843717244,18.916373041458428
6.91812139459853,18.926446041557934
7.210379766476913,18.936519041657448
7.4502720993676945,18.946592041524127
7.321643012199336,18.956664041616023
7.254049371413208,18.966737041482705
7.301412470080612,18.97681004158221
6.801343304037468,18.98688304168172
6.666697940940655,18.996955041540787
6.63877370849038,19.007028041640297
6.922627772716247,19.017101041506976
7.452410991872511,19.02717404160649
7.618425892025369,19.03724604146555
7.392683934279805,19.04731904156506
7.417146239719763,19.05739204166457
7.356974703860314,19.06746504153125
6.828156312153681,19.077537041623145
6.3959526028420335,19.087610041489825
5.446650065952941,19.09768304158933
4.684779251815347,19.10775604145601
3.818867428783802,19.11782804154791
3.5550106221023734,19.12790104164742
3.8212991834006513,19.1379740415141
3.5717186248083057,19.14804704161361
3.0814310715877133,19.158119041472677
3.860792258891671,19.168192041572183
5.852076835672219,19.178265041671693
7.224625047729379,19.188338041538373
7.216801990109088,19.198410041630268
6.1165440637949535,19.208483041496947
4.676248731996158,19.218556041596457
4.046684235896309,19.228629041463137
4.002708709192749,19.238701041555032
4.151762093288276,19.248774041654546
4.135999832105863,19.25884704152122
3.4682628785973075,19.26892004162073
3.1770816705560385,19.27899304148741
4.033517821735622,19.289065041579303
4.743756730087037,19.299138041678816
4.04104038780392,19.309211041545492
3.5407292353374404,19.319284041645005
3.5637383388524912,19.32935604150407
3.55804470153812,19.33942904160358
3.716283973847053,19.34950204147026
3.906909769611677,19.35957504156977
3.668484970203088,19.369647041661665
3.2556661344154074,19.379720041528344
3.105013938297607,19.38979304162785
3.3197097723630824,19.399866041494533
3.174760850055314,19.40993804158643
2.6983953065406485,19.420011041453108
2.5077131460704067,19.430084041552615
2.607135900595037,19.440157041652128
3.5543002995149764,19.450229041511196
4.369080307426311,19.460302041610703
4.52999331767186,19.470375041477386
4.674513470358588,19.48044804157689
5.084454459311558,19.490520041668788
5.301325796127187,19.500593041535467
5.233715873617079,19.510666041634977
5.077899068370768,19.520739041501656
5.102978660988095,19.530810666503385
5.849648986367161,19.54088366660289
6.967594070576999,19.55095666646957
7.724754549641361,19.561029666569084
8.420475868298825,19.571102666668597
9.847086170516777,19.58117466652766
11.579206352329363,19.59124766662717
11.691560201716738,19.601320666493848
10.747356563091634,19.61139366659336
8.43321206806791,19.621465666452423
4.156510661992341,19.631538666551933
4.375985919807316,19.641611666651443
7.83356542909485,19.65168466651812
10.254006026722337,19.661756666610017
11.068515124177324,19.671829666476697
10.262646413531376,19.681902666576207
8.09729353690114,19.69197566667572
4.556262458481703,19.70204766653478
1.3340449553736475,19.71212066663429
4.895543031876339,19.72219366650097
9.137110317355829,19.73226666660048
11.605208186635044,19.742338666459545
10.660002232516772,19.752411666559052
7.202748737653037,19.762484666658565
4.003312112047883,19.772557666525245
4.90454438133056,19.78262966661714
7.216390302348506,19.79270266648382
8.525524476405812,19.80277566658333
8.07699497590175,19.81284866645001
6.103189717846464,19.822920666541904
3.9068209116447887,19.83299366664141
3.572882038538058,19.843066666508093
3.966638119416356,19.853139666607603
3.8115209792193,19.863212666474283
3.285628008494185,19.873284666566175
3.5088870598597444,19.883357666665688
3.261073758569193,19.893430666532367
2.6259574558742407,19.90350366663188
3.30856752377854,19.913575666490942
3.444222998435149,19.92364866659045
3.029711646973797,19.93372166645713
2.728448997638972,19.94379466655664
2.4339978781357066,19.953866666648537
2.630174960740272,19.963939666515216
2.901167638309968,19.97401266661473
3.3283104326452744,19.984085666481405
3.756993158115608,19.9941576665733
4.1695324992001295,20.00423066667281
4.71937568066168,20.01430366653949
5.589805654067302,20.024376666639
6.953342545242236,20.03444966650568
8.918602606889573,20.04452166659757
11.057792875319585,20.05459466646425
11.925511499830584,20.064667666563764
10.25680342381361,20.074740666663278
6.78358921967594,20.08481266652234
5.206485876880481,20.09488566662185
5.317646885302586,20.10495866648853
5.184669098564397,20.11503166658804
4.99138558448428,20.125103666679934
6.579500979758976,20.135176666546613
7.306227706721394,20.145249666646123
7.084214480424006,20.1553226665128
8.049647623286077,20.165394666604698
9.319887685148796,20.175467666471377
10.899509208648688,20.185540666570887
11.543063143962556,20.1956136666704
11.4318259703812,20.20568566652946
11.945953600592905,20.21575866662897
12.027281525460705,20.22583166649565
11.085587025676428,20.23590466659516
9.264594389925527,20.245976666454222
6.568553159105281,20.256049666553736
3.51301248964462,20.26612266665325
1.933330832039856,20.276195666519925
3.621057667823228,20.28626766661182
5.631994196457326,20.2963406664785
6.199409247929598,20.30641366657801
5.162288621802757,20.31648666667752
4.033647179507344,20.3265596665442
3.5404336232137914,20.33663166663609
2.879639498372075,20.346704666502774
2.745923229751821,20.356777666602284
3.948751489066255,20.366850666468963
5.945895474230765,20.37692266656086
7.427102026543989,20.38699566666037
7.570312327692533,20.397068666527048
6.696676515971786,20.40714166662656
6.073948200110897,20.417213666485623
6.224727745143446,20.42728666658513
4.868791259122361,20.43735966645181
2.977197169638935,20.44743266655132
2.411701643061912,20.457504666643217
2.560426219733951,20.467577666509897
2.7736838349936264,20.477650666609406
2.947573843773444,20.48772366647609
2.660048088456968,20.49779566656798
1.5772137298142883,20.50786866666749
0.7122997231037473,20.51794166653417
1.906537962574837,20.52801449992694
2.404884019727708,20.53808749979362
1.75377527740166,20.548159499885514
1.1655047015926756,20.558232499985024
1.4611661118017858,20.568305499851704
1.444807084868866,20.578378499951214
1.487661105621198,20.58845049981028
1.5452605067251264,20.59852349990979
1.4987645466172703,20.6085965000093
1.44094259409933,20.618669499875978
1.3086061249664156,20.628741499967877
1.2069065769497958,20.638814499834552
1.2319147729682385,20.648887499934062
1.2946458722826948,20.65896049980074
1.2863286497074575,20.66903249989264
1.3437528876630114,20.679105499992147
1.4098240426027897,20.689178499858823
1.360878071769075,20.699251499958336
1.207070244638948,20.709324499825016
1.193452828042585,20.71939649991691
1.2862774174868763,20.72946949978359
1.506717400884,20.7395424998831
1.9576445129242344,20.74961549998261
2.3749792067091144,20.759687499841675
2.501480846635036,20.769760499941185
3.098296665233488,20.779833499807864
5.2007923305933526,20.78990649990737
8.698394830539245,20.79997849999927
12.43281108113333,20.81005149986595
15.096649629739552,20.82012449996546
15.757360202913992,20.83019749983214
12.576544152571092,20.840269499924037
17.317649723814547,20.850342499790717
6.148660592309559,20.860415499890223
6.675725753592357,20.870488499989733
10.124936137850105,20.88056149985641
11.793341942305764,20.890633499948308
10.540213713922864,20.900706499814987
6.7958185075764295,20.910779499914497
1.7154255324168426,20.920852500014007
4.184023600213532,20.930924499873072
7.701249023816915,20.940997499972585
10.339347341387546,20.95107049983926
11.371072715705486,20.96114349993877
9.898615218574747,20.97121549979784
6.283486244051936,20.981288499897342
2.028425057321129,20.991361499996856
3.3325124839795737,21.00143449986353
4.2680057051527935,21.01150649995543
4.358868682368145,21.02157949982211
3.806967398910797,21.03165249992162
3.185817583005412,21.0417254997883
2.5232080600866507,21.051797499880195
1.920265033722541,21.061870499979705
1.797605662651822,21.071943499846384
1.9348694913254316,21.08201649994589
2.4595367675996576,21.092089499812573
3.668923127673596,21.10216149990447
5.48900394565803,21.11223450000398
7.199291774007657,21.122307499870654
8.604740273926103,21.132380499970168
9.56068288527555,21.142452499829236
9.955457714083872,21.152525499928743
10.020102358420724,21.162598499795426
9.62200520054099,21.17267149989493
8.36842751395353,21.182743499986827
7.220469439160202,21.192816499853507
6.266963462434755,21.202889499953017
5.88429967721838,21.212962499819696
5.569845850917558,21.22303549991921
5.421792639350308,21.2331075000111
5.46968106708608,21.24318049987778
5.468735874850972,21.25325349997729
5.420086050946607,21.26332649984397
4.876405993728828,21.273398499935865
4.411432487881361,21.283471499802545
3.9107310616503614,21.29354449990205
3.1876689637675337,21.303617500001565
3.1784840439718507,21.31368949986063
3.900508555219029,21.32376249996014
4.194591007969472,21.33383549982682
3.178186929385073,21.34390849992633
2.2822226324362656,21.353980499785397
2.9771728600451275,21.364053499884903
3.796724458931632,21.374126499984413
4.018599705631884,21.384199499851093
3.70377966828343,21.394272499950603
3.5876299595679817,21.404344499809667
3.966891133209343,21.414417499909177
3.8182949708978047,21.424490500008687
3.015020117667229,21.434563499875367
2.748897490342067,21.444635499967266
3.465821926021105,21.45470849983394
4.321949683483608,21.46478149993345
5.11671118587851,21.47485449980013
6.004758449103968,21.484926499892023
8.765407933812607,21.494999499991536
16.10800983153009,21.505072499858212
22.81500497582107,21.515145499957725
21.4314695143422,21.52521949983202
11.80734372175002,21.535291499923915
3.076235546776033,21.545364499790598
9.38293629379993,21.555437499890104
12.71238381085838,21.56551049998961
11.365563308129516,21.57558249984868
8.83053318098243,21.58565549994819
7.161506426095156,21.595728499814868
4.556737171275178,21.605801499914374
3.4079382826901425,21.615873500006277
7.0901687433826845,21.625946499872956
7.517650175965171,21.636019499972463
1.791555979636887,21.646092499839146
3.1008086076833097,21.65616549993865
2.5267680826288177,21.66623749979772
1.717952072708379,21.676310499897227
4.666607128733674,21.686383499996737
7.031947201677974,21.696456499863416
7.40126003135972,21.70652849995531
5.980500038958025,21.71660149982199
4.8894059340714815,21.7266744999215
5.085854817895813,21.73674749978818
5.746568233893281,21.746819499880075
6.3790561143971365,21.756892499979585
7.31092038684943,21.766965499846265
8.725923974466323,21.77703849994577
10.91219163436418,21.78711149981245
12.337627149872832,21.79718349990435
12.930034685224529,21.80725650000386
11.701251066816456,21.81732949987054
8.061722267558766,21.82740249997005
4.745126471769429,21.837474499829117
4.166115693466072,21.847547499928623
4.629465696517309,21.857620499795303
5.376330507447898,21.867693499894813
7.663384505888327,21.877765499986708
9.750461583459478,21.887838499853387
10.979881214266744,21.897911499952897
11.38660338310729,21.907984499819577
11.275397820960183,21.918056499911472
11.772582467480376,21.928129500010986
12.795699338141985,21.93820249987766
12.754316609529983,21.94827549997717
11.126564403066013,21.95834849984385
9.48241466552472,21.968420499935743
8.617202090005716,21.978493499802426
7.991607403586467,21.988566499901932
7.076289591095906,21.998639500001445
6.370266241476427,22.00871149986051
6.610010990115359,22.01878449996002
6.754706451990407,22.0288574998267
6.359198691610666,22.03893049992621
5.972472800750762,22.049002499785274
5.471677381060564,22.059075499884784
4.53178496478435,22.06914849998429
2.796295679131362,22.079221499850973
3.5361877418241825,22.089294499950483
7.475508818535979,22.09936649980955
10.309014632285288,22.109439499909055
12.036680220637754,22.119512500008568
12.188904343167136,22.129585499875247
10.4013191911216,22.139657499967143
7.618608904315604,22.149730499833822
4.721202611786469,22.15980349993333
3.1201088737682574,22.16987649980001
2.7935182783513315,22.179948499891907
2.7129786795693867,22.190021499991417
2.558369729865404,22.200094499858096
2.5126058322920666,22.21016749995761
2.443427862631039,22.22024049982429
1.977469037600256,22.23031249991618
1.4695056671404516,22.24038550001569
0.937759981340977,22.25045849988237
1.0691366416521533,22.26053149998188
1.856920389245717,22.270603499840945
2.548546268319425,22.28067649994045
2.69302868652976,22.29074949980713
2.4853886829808025,22.300822499906644
2.344552466334254,22.31089449999854
2.7089553513427425,22.32096749986522
3.617220964046156,22.33104049996473
4.814032295005654,22.34111349983141
6.05745039734817,22.35118649993092
6.887728190738652,22.361258499789983
6.4490177467900605,22.371331499889493
4.0774435803051015,22.381404499989003
2.341320171310156,22.39147749985568
3.9969397705958505,22.401549499947578
5.643501393949824,22.411622499814257
5.806178143051594,22.421695499913767
4.3112425606026425,22.43176850001328
1.7816316214239036,22.44184149987996
1.17678187806935,22.45191349997185
3.71602917939436,22.46198649983853
5.269472225824812,22.47205949993804
5.033507973316655,22.48213249980472
3.186464264134316,22.492204499896616
1.938301701500711,22.50227749999613
1.9480625477622608,22.512350499862805
2.36032658595786,22.522423499962315
2.5136372482185383,22.53249487490393
2.2228175420581007,22.54256787500344
1.65135045669061,22.55264087487012
1.0114935266010774,22.56271387496963
0.3995720774355325,22.57278687483631
0.5327651813848674,22.58285887492821
1.0951382220126609,22.59293187479489
1.5271722351421535,22.603004874894395
1.6147138628625328,22.613077874993905
1.201979256288294,22.62314987485297
0.4215975529668057,22.63322287495248
0.8173061323223052,22.64329587481916
1.6163074786440734,22.65336887491867
1.9358697297278955,22.66344187478535
1.789681017604592,22.673513874877244
1.2164484338872177,22.683586874976758
0.5781260471887195,22.693659874843437
0.4972933476858003,22.703732874942943
0.8289523380994157,22.71380487480201
1.1625806697221754,22.72387787490152
1.0957234947513117,22.733950875001028
0.815309912111856,22.744023874867707
0.498862845118962,22.754095874959603
0.4079521688244671,22.76416887482628
0.4182769985348617,22.774241874925792
0.5926535018110972,22.78431487479247
0.4955262610613942,22.79438787489198
0.2745835705779645,22.80445987498388
0.4780999003218061,22.81453287485056
1.0926888729470317,22.824605874950063
1.399781693605335,22.834678874816746
1.5667117981302288,22.84475087490864
1.6704295655754928,22.85482387500815
1.6799175067338457,22.86489687487483
